Amount,SSIM,PSNR,MSE,Sobel,LaplacianVar,Ring,Score
0.5,0.993774578394543,40.8171698658756,8.28481878380078e-05,0.0304373333333333,0.0128269972577241,0.0876892958388428,12.6382100097769
1,0.97833350234308,34.796569952596,0.000331392751352031,0.0326133333333333,0.0177305133748688,0.112222785509329,10.8240833535608
1.5,0.957526412663549,31.2747447714824,0.000745633690542071,0.0346293333333333,0.0236258211334777,0.135978596924255,9.75758708889533
2,0.933898138944272,28.7759700393164,0.00132557100540812,0.036128,0.0304068619114781,0.158970280134538,8.99697416844977
