Amount,SSIM,PSNR,MSE,Sobel,LaplacianVar,Ring,Score
0.5,0.991140971249776,34.863670982742,0.00032631189227696,0.0388127853881279,0.0372522915609663,0.172441460600937,10.8458874137681
1,0.96962221875601,28.8430710694623,0.00130524756910784,0.042267222553107,0.05624622117787,0.220668953930419,9.02842413256425
1.5,0.941264680615926,25.3212458883487,0.00293680703049265,0.0444709152273178,0.0791009643655999,0.26738622817977,7.95820452318924
2,0.909751195532608,22.8224711561827,0.00522099027643137,0.0461385745483423,0.105133500399824,0.312175616300451,7.19402937190498
