Amount,SSIM,PSNR,MSE,Sobel,LaplacianVar,Ring,Score
0.5,0.988502027589813,35.5683799045857,0.000277435485906837,0.034047619047619,0.0309561638982473,0.15992825557918,11.0563945915997
1,0.960304495992388,29.5477799913061,0.00110974194362735,0.0360515873015873,0.0469171625335125,0.203596534445682,9.23628204313336
1.5,0.922853166323592,26.0259548101924,0.00249691937316154,0.037797619047619,0.0652766851439894,0.244360296094791,8.16254941845954
2,0.881043660761826,23.5271800780265,0.0044389677745094,0.0392261904761905,0.085437396091565,0.28242504974695,7.3943514446173
