Amount,SSIM,PSNR,MSE,Sobel,LaplacianVar,Ring,Score
0.5,0.994464196600116,37.0133849324178,0.000198912239377935,0.0385377059569075,0.0228115900441046,0.138162585402985,11.4940999382012
1,0.980937117916313,30.9927850191381,0.00079564895751174,0.0420033269961977,0.0353385902227988,0.177446366276649,9.68012034310645
1.5,0.963000289447975,27.4709598380245,0.00179021015440142,0.0442411280101394,0.0504285284568676,0.215461173781041,8.6142298944397
2,0.942937667980311,24.9721851058585,0.00318259583004696,0.0464591254752852,0.067425859022222,0.251490795941485,7.85475175822227
