Amount,SSIM,PSNR,MSE,Sobel,LaplacianVar,Ring,Score
0.5,0.985891431430588,31.4730115629356,0.00071235888210288,0.0380643166357452,0.0827589291682027,0.277841594893095,9.82048697065578
1,0.953355327615894,25.4524116496559,0.00284943552841152,0.0413419913419913,0.128633364823203,0.350502678283486,7.99872795017847
1.5,0.9129101720341,21.9305864685423,0.00641122993892592,0.0443722943722944,0.17882639190922,0.41567824921912,6.92445093008868
2,0.870387590802924,19.4318117363763,0.0113977421136461,0.0470933828076685,0.23109041298529,0.474101214335537,6.15696704116844
