Amount,SSIM,PSNR,MSE,Sobel,LaplacianVar,Ring,Score
0.5,0.988224542037545,37.9169150927199,0.000161550568529696,0.0370510510510511,0.0148157166308589,0.119719399253984,11.7635629264169
1,0.959824628734651,31.8963151794403,0.000646202274118785,0.0388408408408408,0.0239902869549143,0.153237580855443,9.94371913979257
1.5,0.922704461505941,28.3744899983267,0.00145395511676727,0.0401141141141141,0.0349854101915463,0.1855992229739,8.87023341872188
2,0.881806416308659,25.8757152661607,0.00258480909647514,0.0411171171171171,0.0474549899155377,0.216523266181409,8.10238354954714
