Amount,SSIM,PSNR,MSE,Sobel,LaplacianVar,Ring,Score
0.5,0.993569731999032,36.7001776369323,0.000213787464347749,0.0344493827160494,0.0247121598136563,0.124205278372694,11.4009554315486
1,0.976810804266099,30.6795777236527,0.000855149857390996,0.0354962962962963,0.0339835134901977,0.156686749515395,9.58579142984362
1.5,0.953108454009622,27.1577525425391,0.00192408717912974,0.036720987654321,0.0446034898459479,0.187150954591316,8.51779408793855
2,0.925091266197649,24.6589778103731,0.00342059942956398,0.0378864197530864,0.0561244204359312,0.215425474369236,7.75524632623
