Amount,SSIM,PSNR,MSE,Sobel,LaplacianVar,Ring,Score
0.5,0.97626165814278,33.264671424731,0.000471555546583535,0.0281415871033474,0.0560872094700483,0.227913382287485,10.3554904765503
1,0.922697973795512,27.2440715114514,0.00188622218633414,0.0291768688478793,0.0922884412403489,0.296738754113666,8.52458467633243
1.5,0.858124049310799,23.7222463303377,0.00424399991925181,0.0298752731993493,0.136171973056226,0.363082288560736,7.4397956146032
2,0.792617021848358,21.2234715981717,0.00754488874533655,0.0305572445072552,0.18651008336909,0.426670142698323,6.66237351783413
