sigma,SSIM,PSNR,MSE,Sobel,LaplacianVar,Ring,Score
0.4,0.99856434046225,44.253531254287,3.75531934594095e-05,0.0349893048128342,0.0159388456262847,0.118713546413684,13.6687028175542
0.6,0.976453638801336,32.6322583938971,0.000545474132915725,0.0322727272727273,0.00677980846724372,0.0706194844709856,10.1770477314033
0.8,0.947123182137104,29.3874350084085,0.00115148026522582,0.0295508021390374,0.00402880607446772,0.0476336471300121,9.19355922345921
1,0.920143116008444,27.749407278876,0.00167903315539043,0.0270320855614973,0.00299041947883452,0.0354335928813713,8.69217041796653
